INSERT INTO Caracteristica_area (id_area, tipo_terreno, clima, presenca_ep, nivel_timefall) VALUES 
(1, 'Urbano Ruinas', 'Nublado', TRUE, 'Moderado'), (2, 'Montanhoso', 'Limpo', FALSE, 'Nenhum'),
(3, 'Plano', 'Chuvoso', TRUE, 'Leve'), (4, 'Pantano', 'Limpo', FALSE, 'Nenhum'),
(5, 'Rochoso', 'Chuvoso', TRUE, 'Alto'), (6, 'Desfiladeiro', 'Nevasca', TRUE, 'Extremo'),
(7, 'Plano', 'Tempestade', TRUE, 'Moderado'), (8, 'Montanhoso', 'Nevasca', TRUE, 'Extremo'),
(9, 'Desfiladeiro', 'Nublado', FALSE, 'Leve'), (10, 'Montanhoso', 'Nevasca', TRUE, 'Extremo'),
(11, 'Urbano Ruinas', 'Tempestade', TRUE, 'Alto'), (12, 'Plano', 'Chuvoso', FALSE, 'Leve'),
(13, 'Pantano', 'Tempestade', TRUE, 'Extremo'), (14, 'Montanhoso', 'Limpo', FALSE, 'Nenhum'),
(15, 'Plano', 'Nublado', FALSE, 'Nenhum'), (16, 'Urbano Ruinas', 'Chuvoso', TRUE, 'Alto'),
(17, 'Montanhoso', 'Limpo', FALSE, 'Nenhum'), (18, 'Plano', 'Limpo', FALSE, 'Nenhum'),
(19, 'Rochoso', 'Chuvoso', TRUE, 'Leve'), (20, 'Pantano', 'Limpo', FALSE, 'Nenhum'),
(21, 'Desfiladeiro', 'Chuvoso', TRUE, 'Moderado'), (22, 'Plano', 'Nublado', FALSE, 'Leve'),
(23, 'Rochoso', 'Limpo', FALSE, 'Nenhum'), (24, 'Montanhoso', 'Nevasca', TRUE, 'Alto'),
(25, 'Pantano', 'Tempestade', TRUE, 'Extremo'), (26, 'Plano', 'Limpo', FALSE, 'Nenhum'),
(27, 'Rochoso', 'Chuvoso', TRUE, 'Moderado'), (28, 'Plano', 'Chuvoso', FALSE, 'Leve'),
(29, 'Montanhoso', 'Nevasca', TRUE, 'Extremo'), (30, 'Desfiladeiro', 'Limpo', FALSE, 'Nenhum'),
(31, 'Urbano Ruinas', 'Nublado', TRUE, 'Alto'), (32, 'Rochoso', 'Tempestade', TRUE, 'Extremo'),
(33, 'Plano', 'Limpo', FALSE, 'Nenhum'), (34, 'Montanhoso', 'Nevasca', TRUE, 'Alto'),
(35, 'Desfiladeiro', 'Chuvoso', TRUE, 'Moderado'), (36, 'Pantano', 'Nublado', FALSE, 'Leve'),
(37, 'Rochoso', 'Limpo', FALSE, 'Nenhum'), (38, 'Montanhoso', 'Chuvoso', TRUE, 'Alto'),
(39, 'Plano', 'Tempestade', TRUE, 'Extremo'), (40, 'Urbano Ruinas', 'Limpo', FALSE, 'Nenhum'),
(41, 'Plano', 'Limpo', FALSE, 'Nenhum'), (42, 'Rochoso', 'Nevasca', TRUE, 'Alto'),
(43, 'Pantano', 'Chuvoso', TRUE, 'Leve'), (44, 'Desfiladeiro', 'Nublado', FALSE, 'Nenhum'),
(45, 'Urbano Ruinas', 'Limpo', FALSE, 'Nenhum'), (46, 'Montanhoso', 'Chuvoso', TRUE, 'Moderado'),
(47, 'Plano', 'Tempestade', TRUE, 'Extremo'), (48, 'Rochoso', 'Limpo', FALSE, 'Nenhum'),
(49, 'Pantano', 'Nevasca', TRUE, 'Alto'), (50, 'Desfiladeiro', 'Chuvoso', TRUE, 'Leve'),
(51, 'Urbano Ruinas', 'Nublado', FALSE, 'Nenhum'), (52, 'Montanhoso', 'Limpo', FALSE, 'Nenhum'),
(53, 'Plano', 'Chuvoso', TRUE, 'Moderado'), (54, 'Rochoso', 'Tempestade', TRUE, 'Extremo'),
(55, 'Pantano', 'Limpo', FALSE, 'Nenhum'), (56, 'Desfiladeiro', 'Nevasca', TRUE, 'Alto'),
(57, 'Urbano Ruinas', 'Chuvoso', TRUE, 'Leve'), (58, 'Montanhoso', 'Nublado', FALSE, 'Nenhum'),
(59, 'Plano', 'Limpo', FALSE, 'Nenhum'), (60, 'Rochoso', 'Chuvoso', TRUE, 'Moderado'),
(61, 'Pantano', 'Tempestade', TRUE, 'Extremo'), (62, 'Desfiladeiro', 'Limpo', FALSE, 'Nenhum'),
(63, 'Urbano Ruinas', 'Nevasca', TRUE, 'Alto'), (64, 'Montanhoso', 'Chuvoso', TRUE, 'Leve'),
(65, 'Plano', 'Nublado', FALSE, 'Nenhum'), (66, 'Rochoso', 'Limpo', FALSE, 'Nenhum'),
(67, 'Pantano', 'Chuvoso', TRUE, 'Moderado'), (68, 'Desfiladeiro', 'Tempestade', TRUE, 'Extremo'),
(69, 'Urbano Ruinas', 'Limpo', FALSE, 'Nenhum'), (70, 'Montanhoso', 'Nevasca', TRUE, 'Alto'),
(71, 'Plano', 'Chuvoso', TRUE, 'Leve'), (72, 'Rochoso', 'Nublado', FALSE, 'Nenhum'),
(73, 'Pantano', 'Limpo', FALSE, 'Nenhum'), (74, 'Desfiladeiro', 'Chuvoso', TRUE, 'Moderado'),
(75, 'Urbano Ruinas', 'Tempestade', TRUE, 'Extremo'), (76, 'Montanhoso', 'Limpo', FALSE, 'Nenhum'),
(77, 'Plano', 'Nevasca', TRUE, 'Alto'), (78, 'Rochoso', 'Chuvoso', TRUE, 'Leve'),
(79, 'Pantano', 'Nublado', FALSE, 'Nenhum'), (80, 'Desfiladeiro', 'Limpo', FALSE, 'Nenhum'),
(81, 'Urbano Ruinas', 'Chuvoso', TRUE, 'Moderado'), (82, 'Montanhoso', 'Tempestade', TRUE, 'Extremo'),
(83, 'Plano', 'Limpo', FALSE, 'Nenhum'), (84, 'Rochoso', 'Nevasca', TRUE, 'Alto'),
(85, 'Pantano', 'Chuvoso', TRUE, 'Leve'), (86, 'Desfiladeiro', 'Nublado', FALSE, 'Nenhum'),
(87, 'Urbano Ruinas', 'Limpo', FALSE, 'Nenhum'), (88, 'Montanhoso', 'Chuvoso', TRUE, 'Moderado'),
(89, 'Plano', 'Tempestade', TRUE, 'Extremo'), (90, 'Rochoso', 'Limpo', FALSE, 'Nenhum'),
(91, 'Pantano', 'Nevasca', TRUE, 'Alto'), (92, 'Desfiladeiro', 'Chuvoso', TRUE, 'Leve'),
(93, 'Urbano Ruinas', 'Nublado', FALSE, 'Nenhum'), (94, 'Montanhoso', 'Limpo', FALSE, 'Nenhum'),
(95, 'Plano', 'Chuvoso', TRUE, 'Moderado'), (96, 'Rochoso', 'Tempestade', TRUE, 'Extremo'),
(97, 'Pantano', 'Limpo', FALSE, 'Nenhum'), (98, 'Desfiladeiro', 'Nevasca', TRUE, 'Alto'),
(99, 'Urbano Ruinas', 'Chuvoso', TRUE, 'Leve'), (100, 'Montanhoso', 'Nublado', FALSE, 'Nenhum'),
(101, 'Plano', 'Limpo', FALSE, 'Nenhum'), (102, 'Rochoso', 'Nevasca', TRUE, 'Alto'),
(103, 'Pantano', 'Chuvoso', TRUE, 'Leve'), (104, 'Desfiladeiro', 'Nublado', FALSE, 'Nenhum'),
(105, 'Urbano Ruinas', 'Limpo', FALSE, 'Nenhum'), (106, 'Montanhoso', 'Chuvoso', TRUE, 'Moderado'),
(107, 'Plano', 'Tempestade', TRUE, 'Extremo'), (108, 'Rochoso', 'Limpo', FALSE, 'Nenhum'),
(109, 'Pantano', 'Nevasca', TRUE, 'Alto'), (110, 'Desfiladeiro', 'Chuvoso', TRUE, 'Leve');

INSERT INTO Local (id_local, nome, tipo_instalacao, regiao, status_rede_quiral, id_area) VALUES 
(1, 'Capital Knot City', 'Cidade', 'Leste', TRUE, 1),
(2, 'Waystation West of Capital Knot City', 'Centro', 'Leste', TRUE, 2),
(3, 'Ludens Fan Shelter', 'Abrigo', 'Leste', FALSE, 3),
(4, 'Distribution Center West of Capital Knot', 'Centro', 'Leste', FALSE, 4),
(5, 'Musician Shelter', 'Abrigo', 'Leste', FALSE, 5),
(6, 'Port Knot City', 'Cidade', 'Leste', FALSE, 6),
(7, 'Lake Knot City', 'Cidade', 'Central', TRUE, 7),
(8, 'Peter Englert Shelter', 'Abrigo', 'Central', FALSE, 8),
(9, 'Engineer Shelter', 'Abrigo', 'Central', FALSE, 9),
(10, 'Elder Shelter', 'Abrigo', 'Central', FALSE, 10),
(11, 'Craftsman Shelter', 'Abrigo', 'Central', FALSE, 11),
(12, 'Distribution Center South of Lake Knot', 'Centro', 'Central', TRUE, 12),
(13, 'Collector Shelter', 'Abrigo', 'Central', FALSE, 13),
(14, 'Film Director Shelter', 'Abrigo', 'Central', FALSE, 14),
(15, 'Junk Dealer Shelter', 'Abrigo', 'Central', FALSE, 15),
(16, 'Chiral Artist Studio', 'Abrigo', 'Central', FALSE, 16),
(17, 'South Knot City', 'Cidade', 'Central', TRUE, 17),
(18, 'Cosplayer Shelter', 'Abrigo', 'Central', FALSE, 18),
(19, 'Weather Station', 'Centro', 'Central', FALSE, 19),
(20, 'Timefall Farm', 'Centro', 'Central', FALSE, 20),
(21, 'Waystation North of Mountain Knot City', 'Centro', 'Central', FALSE, 21),
(22, 'Distribution Center North of Mountain Knot', 'Centro', 'Central', TRUE, 22),
(23, 'Novelist Son Shelter', 'Abrigo', 'Central', FALSE, 23),
(24, 'Photographer Shelter', 'Abrigo', 'Central', FALSE, 24),
(25, 'Mountaineer Shelter', 'Abrigo', 'Central', FALSE, 25),
(26, 'Spiritualist Shelter', 'Abrigo', 'Central', FALSE, 26),
(27, 'First Prepper Shelter', 'Abrigo', 'Central', TRUE, 27),
(28, 'Mountain Knot City', 'Cidade', 'Central', FALSE, 28),
(29, 'Doctor Shelter', 'Abrigo', 'Central', FALSE, 29),
(30, 'Heartman Lab', 'Centro', 'Central', FALSE, 30),
(31, 'Roboticist Shelter', 'Abrigo', 'Central', FALSE, 31),
(32, 'Geologist Shelter', 'Abrigo', 'Central', TRUE, 32),
(33, 'Paleontologist Shelter', 'Abrigo', 'Central', FALSE, 33),
(34, 'Veteran Porter Shelter', 'Abrigo', 'Central', FALSE, 34),
(35, 'Evo-devo Biologist Shelter', 'Abrigo', 'Central', FALSE, 35),
(36, 'Chiral Relay', 'Centro', 'Central', FALSE, 36),
(37, 'Edge Knot City', 'Cidade', 'Oeste', TRUE, 37),
(38, 'Ruined Factory', 'Abrigo', 'Leste', FALSE, 38),
(39, 'Abandoned Shelter', 'Abrigo', 'Leste', FALSE, 39),
(40, 'Posto Avancado 40', 'Abrigo', 'Leste', FALSE, 40),
(41, 'Posto Avancado 41', 'Abrigo', 'Leste', FALSE, 41),
(42, 'Posto Avancado 42', 'Abrigo', 'Leste', TRUE, 42),
(43, 'Posto Avancado 43', 'Abrigo', 'Leste', FALSE, 43),
(44, 'Posto Avancado 44', 'Abrigo', 'Leste', FALSE, 44),
(45, 'Posto Avancado 45', 'Abrigo', 'Leste', FALSE, 45),
(46, 'Posto Avancado 46', 'Abrigo', 'Leste', FALSE, 46),
(47, 'Posto Avancado 47', 'Abrigo', 'Leste', TRUE, 47),
(48, 'Posto Avancado 48', 'Abrigo', 'Leste', FALSE, 48),
(49, 'Posto Avancado 49', 'Abrigo', 'Leste', FALSE, 49),
(50, 'Posto Avancado 50', 'Abrigo', 'Leste', FALSE, 50),
(51, 'Abrigo de Refugiados 51', 'Abrigo', 'Central', FALSE, 51),
(52, 'Abrigo de Refugiados 52', 'Abrigo', 'Central', TRUE, 52),
(53, 'Abrigo de Refugiados 53', 'Abrigo', 'Central', FALSE, 53),
(54, 'Abrigo de Refugiados 54', 'Abrigo', 'Central', FALSE, 54),
(55, 'Abrigo de Refugiados 55', 'Abrigo', 'Central', FALSE, 55),
(56, 'Abrigo de Refugiados 56', 'Abrigo', 'Central', FALSE, 56),
(57, 'Abrigo de Refugiados 57', 'Abrigo', 'Central', TRUE, 57),
(58, 'Abrigo de Refugiados 58', 'Abrigo', 'Central', FALSE, 58),
(59, 'Abrigo de Refugiados 59', 'Abrigo', 'Central', FALSE, 59),
(60, 'Abrigo de Refugiados 60', 'Abrigo', 'Central', FALSE, 60),
(61, 'Estacao Isolada 61', 'Centro', 'Central', FALSE, 61),
(62, 'Estacao Isolada 62', 'Centro', 'Central', TRUE, 62),
(63, 'Estacao Isolada 63', 'Centro', 'Central', FALSE, 63),
(64, 'Estacao Isolada 64', 'Centro', 'Central', FALSE, 64),
(65, 'Estacao Isolada 65', 'Centro', 'Central', FALSE, 65),
(66, 'Estacao Isolada 66', 'Centro', 'Central', FALSE, 66),
(67, 'Estacao Isolada 67', 'Centro', 'Central', TRUE, 67),
(68, 'Estacao Isolada 68', 'Centro', 'Central', FALSE, 68),
(69, 'Estacao Isolada 69', 'Centro', 'Central', FALSE, 69),
(70, 'Estacao Isolada 70', 'Centro', 'Central', FALSE, 70),
(71, 'Ruina de Bunker 71', 'Abrigo', 'Oeste', FALSE, 71),
(72, 'Ruina de Bunker 72', 'Abrigo', 'Oeste', TRUE, 72),
(73, 'Ruina de Bunker 73', 'Abrigo', 'Oeste', FALSE, 73),
(74, 'Ruina de Bunker 74', 'Abrigo', 'Oeste', FALSE, 74),
(75, 'Ruina de Bunker 75', 'Abrigo', 'Oeste', FALSE, 75),
(76, 'Ruina de Bunker 76', 'Abrigo', 'Oeste', FALSE, 76),
(77, 'Ruina de Bunker 77', 'Abrigo', 'Oeste', TRUE, 77),
(78, 'Ruina de Bunker 78', 'Abrigo', 'Oeste', FALSE, 78),
(79, 'Ruina de Bunker 79', 'Abrigo', 'Oeste', FALSE, 79),
(80, 'Ruina de Bunker 80', 'Abrigo', 'Oeste', FALSE, 80),
(81, 'Caverna Adaptada 81', 'Abrigo', 'Oeste', FALSE, 81),
(82, 'Caverna Adaptada 82', 'Abrigo', 'Oeste', TRUE, 82),
(83, 'Caverna Adaptada 83', 'Abrigo', 'Oeste', FALSE, 83),
(84, 'Caverna Adaptada 84', 'Abrigo', 'Oeste', FALSE, 84),
(85, 'Caverna Adaptada 85', 'Abrigo', 'Oeste', FALSE, 85),
(86, 'Caverna Adaptada 86', 'Abrigo', 'Oeste', FALSE, 86),
(87, 'Caverna Adaptada 87', 'Abrigo', 'Oeste', TRUE, 87),
(88, 'Caverna Adaptada 88', 'Abrigo', 'Oeste', FALSE, 88),
(89, 'Caverna Adaptada 89', 'Abrigo', 'Oeste', FALSE, 89),
(90, 'Caverna Adaptada 90', 'Abrigo', 'Oeste', FALSE, 90),
(91, 'Terminal Temporario 91', 'Centro', 'Oeste', FALSE, 91),
(92, 'Terminal Temporario 92', 'Centro', 'Oeste', TRUE, 92),
(93, 'Terminal Temporario 93', 'Centro', 'Oeste', FALSE, 93),
(94, 'Terminal Temporario 94', 'Centro', 'Oeste', FALSE, 94),
(95, 'Terminal Temporario 95', 'Centro', 'Oeste', FALSE, 95),
(96, 'Terminal Temporario 96', 'Centro', 'Oeste', FALSE, 96),
(97, 'Terminal Temporario 97', 'Centro', 'Oeste', TRUE, 97),
(98, 'Terminal Temporario 98', 'Centro', 'Oeste', FALSE, 98),
(99, 'Terminal Temporario 99', 'Centro', 'Oeste', FALSE, 99),
(100, 'Terminal Temporario 100', 'Centro', 'Oeste', FALSE, 100),
(101, 'Caverna Refugio 11', 'Abrigo', 'Oeste', FALSE, 101), 
(102, 'Caverna Refugio 12', 'Abrigo', 'Oeste', FALSE, 102), 
(103, 'Caverna Refugio 13', 'Abrigo', 'Oeste', FALSE, 103),
(104, 'Caverna Refugio 14', 'Abrigo', 'Oeste', FALSE, 104), 
(105, 'Caverna Refugio 15', 'Abrigo', 'Oeste', FALSE, 105), 
(106, 'Caverna Refugio 16', 'Abrigo', 'Oeste', FALSE, 106),
(107, 'Caverna Refugio 17', 'Abrigo', 'Oeste', FALSE, 107), 
(108, 'Caverna Refugio 18', 'Abrigo', 'Oeste', FALSE, 108), 
(109, 'Caverna Refugio 19', 'Abrigo', 'Oeste', FALSE, 109),
(110, 'Caverna Refugio 20', 'Abrigo', 'Oeste', FALSE, 110);

INSERT INTO Prepper (id_prepper, nome, estrelas_conexao, id_local) VALUES 
(1, 'Igor (Adm)', 5, 1),
(2, 'George Baton (Adm)', 3, 2),
(3, 'Ludens Fan', 0, 3),
(4, 'Benjamin Hancock (Adm)', 0, 4),
(5, 'O Musico', 1, 5),
(6, 'Viktor Frank (Adm)', 0, 6),
(7, 'William Lake (Adm)', 4, 7),
(8, 'Peter Englert', 0, 8),
(9, 'O Engenheiro', 0, 9),
(10, 'O Anciao', 1, 10),
(11, 'O Artesao', 0, 11),
(12, 'Thomas Southerland (Adm)', 5, 12),
(13, 'O Colecionador', 0, 13),
(14, 'O Diretor de Cinema', 0, 14),
(15, 'O Sucateiro', 1, 15),
(16, 'Chiral Artist', 0, 16),
(17, 'Owen South (Adm)', 4, 17),
(18, 'O Cosplayer', 0, 18),
(19, 'Alex Weatherstone (Adm)', 0, 19),
(20, 'Fazendeiro Timefall', 1, 20),
(21, 'Charles Khan (Adm)', 0, 21),
(22, 'Phillip North (Adm)', 3, 22),
(23, 'Filho do Novelista', 0, 23),
(24, 'A Fotografa', 0, 24),
(25, 'O Montanhes', 1, 25),
(26, 'A Espiritualista', 0, 26),
(27, 'O Primeiro Prepper', 5, 27),
(28, 'Aaron Hill (Adm)', 0, 28),
(29, 'O Medico', 0, 29),
(30, 'Heartman', 0, 30),
(31, 'A Roboticista', 1, 31),
(32, 'O Geologo', 4, 32),
(33, 'O Paleontologo', 0, 33),
(34, 'Entregador Veterano', 0, 34),
(35, 'A Biologa Evo-devo', 0, 35),
(36, 'Amelie (Contato)', 1, 36),
(37, 'Bridget Strand (Adm)', 5, 37),
(38, 'Guarda da Fabrica', 0, 38),
(39, 'Eremita Desconhecido', 0, 39),
(40, 'Sobrevivente 40', 0, 40),
(41, 'Sobrevivente 41', 0, 41),
(42, 'Sobrevivente 42', 3, 42),
(43, 'Sobrevivente 43', 0, 43),
(44, 'Sobrevivente 44', 1, 44),
(45, 'Sobrevivente 45', 0, 45),
(46, 'Sobrevivente 46', 0, 46),
(47, 'Sobrevivente 47', 4, 47),
(48, 'Sobrevivente 48', 0, 48),
(49, 'Sobrevivente 49', 0, 49),
(50, 'Sobrevivente 50', 0, 50),
(51, 'Refugiado 51', 1, 51),
(52, 'Refugiado 52', 5, 52),
(53, 'Refugiado 53', 0, 53),
(54, 'Refugiado 54', 0, 54),
(55, 'Refugiado 55', 0, 55),
(56, 'Refugiado 56', 1, 56),
(57, 'Refugiado 57', 3, 57),
(58, 'Refugiado 58', 0, 58),
(59, 'Refugiado 59', 0, 59),
(60, 'Refugiado 60', 0, 60),
(61, 'Pesquisador 61', 0, 61),
(62, 'Pesquisador 62', 4, 62),
(63, 'Pesquisador 63', 0, 63),
(64, 'Pesquisador 64', 1, 64),
(65, 'Pesquisador 65', 0, 65),
(66, 'Pesquisador 66', 0, 66),
(67, 'Pesquisador 67', 5, 67),
(68, 'Pesquisador 68', 0, 68),
(69, 'Pesquisador 69', 0, 69),
(70, 'Pesquisador 70', 0, 70),
(71, 'Explorador 71', 1, 71),
(72, 'Explorador 72', 3, 72),
(73, 'Explorador 73', 0, 73),
(74, 'Explorador 74', 0, 74),
(75, 'Explorador 75', 0, 75),
(76, 'Explorador 76', 1, 76),
(77, 'Explorador 77', 4, 77),
(78, 'Explorador 78', 0, 78),
(79, 'Explorador 79', 0, 79),
(80, 'Explorador 80', 0, 80),
(81, 'Buscador 81', 0, 81),
(82, 'Buscador 82', 5, 82),
(83, 'Buscador 83', 1, 83),
(84, 'Buscador 84', 0, 84),
(85, 'Buscador 85', 0, 85),
(86, 'Buscador 86', 0, 86),
(87, 'Buscador 87', 3, 87),
(88, 'Buscador 88', 0, 88),
(89, 'Buscador 89', 0, 89),
(90, 'Buscador 90', 1, 90),
(91, 'Operador 91', 0, 91),
(92, 'Operador 92', 4, 92),
(93, 'Operador 93', 0, 93),
(94, 'Operador 94', 0, 94),
(95, 'Operador 95', 0, 95),
(96, 'Operador 96', 1, 96),
(97, 'Operador 97', 5, 97),
(98, 'Operador 98', 0, 98),
(99, 'Operador 99', 0, 99),
(100, 'Operador 100', 0, 100),
(101, 'Viajante 101', 0, 101),
(102, 'Viajante 102', 0, 102),
(103, 'Viajante 103', 0, 103),
(104, 'Viajante 104', 0, 104),
(105, 'Viajante 105', 0, 105),
(106, 'Viajante 106', 0, 106),
(107, 'Viajante 107', 0, 107),
(108, 'Viajante 108', 0, 108),
(109, 'Viajante 109', 0, 109),
(110, 'Viajante 110', 0, 110);

INSERT INTO Item (id_item, nome, categoria, peso_kg, nivel_fragilidade) VALUES 
(1, 'Resina Quiral', 'Material', 10.50, 'Baixa'), (2, 'Metais', 'Material', 25.00, 'Media'),
(3, 'Ceramica', 'Material', 15.20, 'Media'), (4, 'Quimicos', 'Material', 5.00, 'Alta'),
(5, 'Ligas Especiais', 'Material', 18.00, 'Media'), (6, 'Cristais Quirais', 'Material', 0.50, 'Baixa'),
(7, 'Lancador de Rede', 'Ferramenta', 4.00, 'Media'), (8, 'Emissor de Som Anti-EP', 'Equipamento', 5.50, 'Alta'),
(9, 'Sinalizador de Resgate', 'Equipamento', 1.20, 'Alta'), (10, 'Bateria Portatil', 'Equipamento', 12.00, 'Media'),
(11, 'Drone Batedor', 'Equipamento', 8.50, 'Alta'), (12, 'Modulo de Odradek', 'Equipamento', 3.00, 'Alta'),
(13, 'Tinta Demarcadora', 'Ferramenta', 1.50, 'Media'), (14, 'Gerador de Pulso Magnetico', 'Equipamento', 15.00, 'Alta'),
(15, 'Spray Reparador', 'Ferramenta', 0.80, 'Baixa'), (16, 'PCC Nv. 1', 'Ferramenta', 10.00, 'Alta'),
(17, 'PCC Nv. 2', 'Ferramenta', 15.00, 'Alta'), (18, 'Escada Dobravel', 'Ferramenta', 5.00, 'Baixa'),
(19, 'Ancorador de Escalada', 'Ferramenta', 3.00, 'Baixa'), (20, 'Ancorador Nv. 2', 'Ferramenta', 3.50, 'Baixa'),
(21, 'Aquecedor Termico', 'Equipamento', 4.00, 'Media'), (22, 'Mascara de Oxigenio', 'Equipamento', 2.50, 'Alta'),
(23, 'Oculos de Neve', 'Equipamento', 0.50, 'Alta'), (24, 'Cantil de Agua', 'Suprimento', 1.00, 'Baixa'),
(25, 'Corda de Resgate', 'Ferramenta', 2.00, 'Baixa'), (26, 'Exoesqueleto de Forca', 'Equipamento', 12.50, 'Media'),
(27, 'Exoesqueleto de Velocidade', 'Equipamento', 8.00, 'Media'), (28, 'Exoesqueleto Todo-Terreno', 'Equipamento', 10.00, 'Media'),
(29, 'Placa de Armadura Nv. 1', 'Equipamento', 5.00, 'Media'), (30, 'Placa de Armadura Nv. 2', 'Equipamento', 7.50, 'Media'),
(31, 'Botas da Bridges Nv. 1', 'Equipamento', 1.50, 'Baixa'), (32, 'Botas da Bridges Nv. 2', 'Equipamento', 1.60, 'Baixa'),
(33, 'Botas da Bridges Nv. 3', 'Equipamento', 1.70, 'Baixa'), (34, 'Botas Quirais', 'Equipamento', 1.20, 'Baixa'),
(35, 'Sandalias de Ervas', 'Suprimento', 0.30, 'Extrema'), (36, 'Bolsas de Soro', 'Suprimento', 2.00, 'Alta'),
(37, 'Bebida Energetica', 'Alimento', 0.80, 'Baixa'), (38, 'Criptobiontes', 'Alimento', 1.50, 'Media'),
(39, 'Spray de Primeiros Socorros', 'Suprimento', 0.60, 'Media'), (40, 'Barras de Cereal', 'Alimento', 2.00, 'Baixa'),
(41, 'Relogios Antigos', 'Reliquia', 3.00, 'Extrema'), (42, 'Jogos de Tabuleiro', 'Dados', 4.50, 'Media'),
(43, 'Filmes Educativos', 'Dados', 1.50, 'Media'), (44, 'Roupas de Frio', 'Suprimento', 6.00, 'Baixa'),
(45, 'Suco Enlatado', 'Alimento', 8.00, 'Media'), (46, 'Refrigerante Timefall', 'Alimento', 10.00, 'Alta'),
(47, 'Fosso de Amonite', 'Reliquia', 14.00, 'Extrema'), (48, 'Cartuchos de Impressao', 'Material', 12.00, 'Alta'),
(49, 'Racoes de Sobrevivencia', 'Suprimento', 15.00, 'Baixa'), (50, 'Agua Purificada', 'Suprimento', 20.00, 'Media'),
(51, 'Ocitocina Sintetica', 'Suprimento', 2.50, 'Extrema'), (52, 'Desfibriladores', 'Equipamento', 9.00, 'Alta'),
(53, 'Vitaminas Avancadas', 'Suprimento', 3.50, 'Extrema'), (54, 'Sementes de Trigo', 'Pesquisa', 5.00, 'Alta'),
(55, 'Sementes de Milho', 'Pesquisa', 5.50, 'Alta'), (56, 'Sementes de Tomate', 'Pesquisa', 4.00, 'Alta'),
(57, 'Livros de Historia', 'Reliquia', 18.00, 'Media'), (58, 'Quadrinhos Antigos', 'Reliquia', 7.00, 'Alta'),
(59, 'Tintas Quirais', 'Material', 6.50, 'Media'), (60, 'Pecas de Drone', 'Equipamento', 22.00, 'Alta'),
(61, 'Componentes de Triciclo', 'Equipamento', 45.00, 'Media'), (62, 'Baterias Longa Duracao', 'Equipamento', 16.00, 'Alta'),
(63, 'Paineis Solares', 'Equipamento', 25.00, 'Alta'), (64, 'Turbinas Eolicas', 'Equipamento', 30.00, 'Alta'),
(65, 'Amostras de Solo', 'Pesquisa', 8.00, 'Media'), (66, 'Amostras de Flora', 'Pesquisa', 3.50, 'Extrema'),
(67, 'Materiais de Pesquisa', 'Pesquisa', 11.00, 'Alta'), (68, 'Sensor de Movimento', 'Equipamento', 4.50, 'Alta'),
(69, 'Espelho de Prata', 'Reliquia', 5.00, 'Extrema'), (70, 'Bonecos Colecionaveis', 'Reliquia', 2.50, 'Media'),
(71, 'Consoles Retro', 'Dados', 6.00, 'Alta'), (72, 'Suprimentos de Construcao', 'Material', 50.00, 'Baixa'),
(73, 'Ferramentas de Manutencao', 'Ferramenta', 15.00, 'Media'), (74, 'Engrenagens de Precisao', 'Equipamento', 9.50, 'Alta'),
(75, 'Obras de Arte Protegidas', 'Reliquia', 12.00, 'Extrema'), (76, 'Esculturas de Pedra', 'Reliquia', 35.00, 'Baixa'),
(77, 'Extintores de Incendio', 'Equipamento', 14.00, 'Media'), (78, 'Kits de Resgate', 'Suprimento', 8.50, 'Media'),
(79, 'Mascaras de Gas Antigas', 'Reliquia', 4.00, 'Alta'), (80, 'Filtros de Ar', 'Equipamento', 3.00, 'Media'),
(81, 'Purificadores de Agua', 'Equipamento', 18.00, 'Media'), (82, 'Cartas de Familia', 'Dados', 0.50, 'Alta'),
(83, 'Discos de Vinil', 'Reliquia', 5.00, 'Extrema'), (84, 'Fitas Cassete', 'Dados', 1.00, 'Alta'),
(85, 'Roupas Impermeaveis', 'Suprimento', 7.50, 'Baixa'), (86, 'Fibras Sinteticas', 'Material', 11.00, 'Baixa'),
(87, 'Couro Ecologico', 'Material', 13.00, 'Media'), (88, 'Instrumentos Medicos', 'Suprimento', 6.00, 'Extrema'),
(89, 'Microchips', 'Dados', 2.00, 'Alta'), (90, 'Placas-mae', 'Equipamento', 5.50, 'Extrema'),
(91, 'Unidades de Memoria', 'Dados', 1.50, 'Media'), (92, 'Sensores Oticos', 'Equipamento', 4.00, 'Extrema'),
(93, 'Lentes de Camera', 'Equipamento', 3.50, 'Extrema'), (94, 'Lentes de Telescopio', 'Pesquisa', 8.00, 'Extrema'),
(95, 'Equipamento Metereologico', 'Pesquisa', 20.00, 'Alta'), (96, 'Baloes Atmosfericos', 'Equipamento', 10.00, 'Media'),
(97, 'Barometros', 'Pesquisa', 2.50, 'Alta'), (98, 'Termometros', 'Pesquisa', 1.50, 'Alta'),
(99, 'Pecas de Roteador', 'Equipamento', 15.00, 'Alta'), (100, 'Capsulas do Tempo', 'Reliquia', 25.00, 'Alta');

INSERT INTO Portador (id_portador, nome, capacidade_max_kg, total_likes) VALUES 
(1, 'Sam Porter Bridges', 120.50, 95000), (2, 'Fragile', 65.00, 42000), (3, 'Igor', 80.00, 1500),
(4, 'xX_Kojima_Xx', 100.00, 12400), (5, 'Porter_BR99', 90.00, 530), (6, 'PizzaDeliveryGuy', 75.00, 8900),
(7, 'LoneWolf', 110.00, 320), (8, 'Mule_Defector', 95.00, 150), (9, 'Cliff_Fan', 85.00, 2100),
(10, 'Norman_P', 120.00, 50000), (11, 'Entregador NPC 1', 70.00, 45), (12, 'Entregador NPC 2', 70.00, 80),
(13, 'Entregador NPC 3', 70.00, 12), (14, 'Entregador NPC 4', 70.00, 67), (15, 'Entregador NPC 5', 70.00, 99),
(16, 'Entregador NPC 6', 70.00, 105), (17, 'Entregador NPC 7', 70.00, 230), (18, 'Entregador NPC 8', 70.00, 10),
(19, 'Entregador NPC 9', 70.00, 0), (20, 'Entregador NPC 10', 70.00, 4),
(21, 'Player_021', 80.00, 1200), (22, 'Player_022', 90.00, 3400), (23, 'Player_023', 85.00, 560),
(24, 'Player_024', 110.00, 9800), (25, 'Player_025', 95.00, 150), (26, 'Player_026', 105.00, 21000),
(27, 'Player_027', 88.00, 450), (28, 'Player_028', 92.00, 890), (29, 'Player_029', 115.00, 12300),
(30, 'Player_030', 75.00, 67), (31, 'Player_031', 82.00, 345), (32, 'Player_032', 98.00, 6700),
(33, 'Player_033', 102.00, 8900), (34, 'Player_034', 86.00, 120), (35, 'Player_035', 94.00, 4500),
(36, 'Player_036', 108.00, 23000), (37, 'Player_037', 78.00, 56), (38, 'Player_038', 84.00, 890),
(39, 'Player_039', 96.00, 1200), (40, 'Player_040', 112.00, 34500),
(41, 'Novo_Portador 41', 60.00, 0), (42, 'Novo_Portador 42', 60.00, 5), (43, 'Novo_Portador 43', 60.00, 12),
(44, 'Novo_Portador 44', 60.00, 0), (45, 'Novo_Portador 45', 60.00, 2), (46, 'Novo_Portador 46', 60.00, 8),
(47, 'Novo_Portador 47', 60.00, 15), (48, 'Novo_Portador 48', 60.00, 1), (49, 'Novo_Portador 49', 60.00, 0),
(50, 'Novo_Portador 50', 60.00, 20), (51, 'Veterano 51', 130.00, 150000), (52, 'Veterano 52', 125.00, 120000),
(53, 'Veterano 53', 140.00, 200000), (54, 'Veterano 54', 135.00, 180000), (55, 'Veterano 55', 128.00, 165000),
(56, 'Veterano 56', 145.00, 250000), (57, 'Veterano 57', 132.00, 175000), (58, 'Veterano 58', 138.00, 190000),
(59, 'Veterano 59', 142.00, 220000), (60, 'Veterano 60', 129.00, 140000),
(61, 'Mercenario 61', 100.00, 0), (62, 'Mercenario 62', 105.00, 12), (63, 'Mercenario 63', 95.00, 0),
(64, 'Mercenario 64', 110.00, 5), (65, 'Mercenario 65', 98.00, 0), (66, 'Mercenario 66', 102.00, 45),
(67, 'Mercenario 67', 108.00, 0), (68, 'Mercenario 68', 92.00, 0), (69, 'Mercenario 69', 115.00, 80),
(70, 'Mercenario 70', 96.00, 0), (71, 'Viajante 71', 85.00, 5600), (72, 'Viajante 72', 88.00, 4500),
(73, 'Viajante 73', 82.00, 7800), (74, 'Viajante 74', 90.00, 3400), (75, 'Viajante 75', 86.00, 6700),
(76, 'Viajante 76', 84.00, 8900), (77, 'Viajante 77', 92.00, 2300), (78, 'Viajante 78', 80.00, 9100),
(79, 'Viajante 79', 94.00, 1200), (80, 'Viajante 80', 89.00, 4300),
(81, 'Bot_Entrega 81', 150.00, 0), (82, 'Bot_Entrega 82', 150.00, 0), (83, 'Bot_Entrega 83', 150.00, 0),
(84, 'Bot_Entrega 84', 150.00, 0), (85, 'Bot_Entrega 85', 150.00, 0), (86, 'Bot_Entrega 86', 150.00, 0),
(87, 'Bot_Entrega 87', 150.00, 0), (88, 'Bot_Entrega 88', 150.00, 0), (89, 'Bot_Entrega 89', 150.00, 0),
(90, 'Bot_Entrega 90', 150.00, 0), (91, 'Player_091', 95.00, 450), (92, 'Player_092', 105.00, 8900),
(93, 'Player_093', 88.00, 120), (94, 'Player_094', 112.00, 34000), (95, 'Player_095', 78.00, 56),
(96, 'Player_096', 92.00, 1200), (97, 'Player_097', 84.00, 890), (98, 'Player_098', 115.00, 56000),
(99, 'Player_099', 96.00, 345), (100, 'Senhor_Lenda', 150.00, 999999);

INSERT INTO Pedido (id_pedido, status_pedido, condicao_final_carga, id_local_origem, id_local_destino, id_portador) VALUES 
(1, 'Concluido', 'Perfeita', 1, 2, 1), (2, 'Em Transporte', 'Perfeita', 2, 3, 2), (3, 'Pendente', 'Perfeita', 3, 4, 3), (4, 'Cancelado', 'Danificada', 4, 5, 4), (5, 'Cancelado', 'Destruida', 5, 6, 5),
(6, 'Concluido', 'Perfeita', 6, 7, 6), (7, 'Em Transporte', 'Perfeita', 7, 8, 7), (8, 'Pendente', 'Perfeita', 8, 9, 8), (9, 'Cancelado', 'Danificada', 9, 10, 9), (10, 'Cancelado', 'Destruida', 10, 11, 10),
(11, 'Concluido', 'Perfeita', 11, 12, 11), (12, 'Em Transporte', 'Perfeita', 12, 13, 12), (13, 'Pendente', 'Perfeita', 13, 14, 13), (14, 'Cancelado', 'Danificada', 14, 15, 14), (15, 'Cancelado', 'Destruida', 15, 16, 15),
(16, 'Concluido', 'Perfeita', 16, 17, 16), (17, 'Em Transporte', 'Perfeita', 17, 18, 17), (18, 'Pendente', 'Perfeita', 18, 19, 18), (19, 'Cancelado', 'Danificada', 19, 20, 19), (20, 'Cancelado', 'Destruida', 20, 21, 20),
(21, 'Concluido', 'Perfeita', 21, 22, 21), (22, 'Em Transporte', 'Perfeita', 22, 23, 22), (23, 'Pendente', 'Perfeita', 23, 24, 23), (24, 'Cancelado', 'Danificada', 24, 25, 24), (25, 'Cancelado', 'Destruida', 25, 26, 25),
(26, 'Concluido', 'Perfeita', 26, 27, 26), (27, 'Em Transporte', 'Perfeita', 27, 28, 27), (28, 'Pendente', 'Perfeita', 28, 29, 28), (29, 'Cancelado', 'Danificada', 29, 30, 29), (30, 'Cancelado', 'Destruida', 30, 31, 30),
(31, 'Concluido', 'Perfeita', 31, 32, 31), (32, 'Em Transporte', 'Perfeita', 32, 33, 32), (33, 'Pendente', 'Perfeita', 33, 34, 33), (34, 'Cancelado', 'Danificada', 34, 35, 34), (35, 'Cancelado', 'Destruida', 35, 36, 35),
(36, 'Concluido', 'Perfeita', 36, 37, 36), (37, 'Em Transporte', 'Perfeita', 37, 38, 37), (38, 'Pendente', 'Perfeita', 38, 39, 38), (39, 'Cancelado', 'Danificada', 39, 40, 39), (40, 'Cancelado', 'Destruida', 40, 41, 40),
(41, 'Concluido', 'Perfeita', 41, 42, 41), (42, 'Em Transporte', 'Perfeita', 42, 43, 42), (43, 'Pendente', 'Perfeita', 43, 44, 43), (44, 'Cancelado', 'Danificada', 44, 45, 44), (45, 'Cancelado', 'Destruida', 45, 46, 45),
(46, 'Concluido', 'Perfeita', 46, 47, 46), (47, 'Em Transporte', 'Perfeita', 47, 48, 47), (48, 'Pendente', 'Perfeita', 48, 49, 48), (49, 'Cancelado', 'Danificada', 49, 50, 49), (50, 'Cancelado', 'Destruida', 50, 51, 50),
(51, 'Concluido', 'Perfeita', 51, 52, 51), (52, 'Em Transporte', 'Perfeita', 52, 53, 52), (53, 'Pendente', 'Perfeita', 53, 54, 53), (54, 'Cancelado', 'Danificada', 54, 55, 54), (55, 'Cancelado', 'Destruida', 55, 56, 55),
(56, 'Concluido', 'Perfeita', 56, 57, 56), (57, 'Em Transporte', 'Perfeita', 57, 58, 57), (58, 'Pendente', 'Perfeita', 58, 59, 58), (59, 'Cancelado', 'Danificada', 59, 60, 59), (60, 'Cancelado', 'Destruida', 60, 61, 60),
(61, 'Concluido', 'Perfeita', 61, 62, 61), (62, 'Em Transporte', 'Perfeita', 62, 63, 62), (63, 'Pendente', 'Perfeita', 63, 64, 63), (64, 'Cancelado', 'Danificada', 64, 65, 64), (65, 'Cancelado', 'Destruida', 65, 66, 65),
(66, 'Concluido', 'Perfeita', 66, 67, 66), (67, 'Em Transporte', 'Perfeita', 67, 68, 67), (68, 'Pendente', 'Perfeita', 68, 69, 68), (69, 'Cancelado', 'Danificada', 69, 70, 69), (70, 'Cancelado', 'Destruida', 70, 71, 70),
(71, 'Concluido', 'Perfeita', 71, 72, 71), (72, 'Em Transporte', 'Perfeita', 72, 73, 72), (73, 'Pendente', 'Perfeita', 73, 74, 73), (74, 'Cancelado', 'Danificada', 74, 75, 74), (75, 'Cancelado', 'Destruida', 75, 76, 75),
(76, 'Concluido', 'Perfeita', 76, 77, 76), (77, 'Em Transporte', 'Perfeita', 77, 78, 77), (78, 'Pendente', 'Perfeita', 78, 79, 78), (79, 'Cancelado', 'Danificada', 79, 80, 79), (80, 'Cancelado', 'Destruida', 80, 81, 80),
(81, 'Concluido', 'Perfeita', 81, 82, 81), (82, 'Em Transporte', 'Perfeita', 82, 83, 82), (83, 'Pendente', 'Perfeita', 83, 84, 83), (84, 'Cancelado', 'Danificada', 84, 85, 84), (85, 'Cancelado', 'Destruida', 85, 86, 85),
(86, 'Concluido', 'Perfeita', 86, 87, 86), (87, 'Em Transporte', 'Perfeita', 87, 88, 87), (88, 'Pendente', 'Perfeita', 88, 89, 88), (89, 'Cancelado', 'Danificada', 89, 90, 89), (90, 'Cancelado', 'Destruida', 90, 91, 90),
(91, 'Concluido', 'Perfeita', 91, 92, 91), (92, 'Em Transporte', 'Perfeita', 92, 93, 92), (93, 'Pendente', 'Perfeita', 93, 94, 93), (94, 'Cancelado', 'Danificada', 94, 95, 94), (95, 'Cancelado', 'Destruida', 95, 96, 95),
(96, 'Concluido', 'Perfeita', 96, 97, 96), (97, 'Em Transporte', 'Perfeita', 97, 98, 97), (98, 'Pendente', 'Perfeita', 98, 99, 98), (99, 'Cancelado', 'Danificada', 99, 100, 99), (100, 'Cancelado', 'Destruida', 100, 110, 100);

INSERT INTO Pedido_Item (id_pedido, id_item, quantidade) VALUES 
(1, 1, 5), (2, 2, 2), (3, 3, 10), (4, 4, 1), (5, 5, 50),
(6, 6, 4), (7, 7, 8), (8, 8, 12), (9, 9, 3), (10, 10, 2),
(11, 11, 1), (12, 12, 1), (13, 13, 2), (14, 14, 5), (15, 15, 1),
(16, 16, 3), (17, 17, 15), (18, 18, 2), (19, 19, 1), (20, 20, 4),
(21, 21, 5), (22, 22, 2), (23, 23, 10), (24, 24, 1), (25, 25, 50),
(26, 26, 4), (27, 27, 8), (28, 28, 12), (29, 29, 3), (30, 30, 2),
(31, 31, 1), (32, 32, 1), (33, 33, 2), (34, 34, 5), (35, 35, 1),
(36, 36, 3), (37, 37, 15), (38, 38, 2), (39, 39, 1), (40, 40, 4),
(41, 41, 5), (42, 42, 2), (43, 43, 10), (44, 44, 1), (45, 45, 50),
(46, 46, 4), (47, 47, 8), (48, 48, 12), (49, 49, 3), (50, 50, 2),
(51, 51, 1), (52, 52, 1), (53, 53, 2), (54, 54, 5), (55, 55, 1),
(56, 56, 3), (57, 57, 15), (58, 58, 2), (59, 59, 1), (60, 60, 4),
(61, 61, 5), (62, 62, 2), (63, 63, 10), (64, 64, 1), (65, 65, 50),
(66, 66, 4), (67, 67, 8), (68, 68, 12), (69, 69, 3), (70, 70, 2),
(71, 71, 1), (72, 72, 1), (73, 73, 2), (74, 74, 5), (75, 75, 1),
(76, 76, 3), (77, 77, 15), (78, 78, 2), (79, 79, 1), (80, 80, 4),
(81, 81, 5), (82, 82, 2), (83, 83, 10), (84, 84, 1), (85, 85, 50),
(86, 86, 4), (87, 87, 8), (88, 88, 12), (89, 89, 3), (90, 90, 2),
(91, 91, 1), (92, 92, 1), (93, 93, 2), (94, 94, 5), (95, 95, 1),
(96, 96, 3), (97, 97, 15), (98, 98, 2), (99, 99, 1), (100, 100, 4);

INSERT INTO Estrutura (id_estrutura, tipo, durabilidade_porcentual, id_portador, id_area) VALUES 
(1, 'Ponte', 100.00, 1, 100), (2, 'Gerador', 95.50, 2, 99), (3, 'Caixa Postal', 80.20, 3, 98), (4, 'Torre de Vigia', 45.00, 4, 97), (5, 'Abrigo de Chuva', 15.75, 5, 96),
(6, 'Tirolesa', 5.00, 6, 95), (7, 'Ponte', 100.00, 7, 94), (8, 'Gerador', 95.50, 8, 93), (9, 'Caixa Postal', 80.20, 9, 92), (10, 'Torre de Vigia', 45.00, 10, 91),
(11, 'Abrigo de Chuva', 15.75, 11, 90), (12, 'Tirolesa', 5.00, 12, 89), (13, 'Ponte', 100.00, 13, 88), (14, 'Gerador', 95.50, 14, 87), (15, 'Caixa Postal', 80.20, 15, 86),
(16, 'Torre de Vigia', 45.00, 16, 85), (17, 'Abrigo de Chuva', 15.75, 17, 84), (18, 'Tirolesa', 5.00, 18, 83), (19, 'Ponte', 100.00, 19, 82), (20, 'Gerador', 95.50, 20, 81),
(21, 'Caixa Postal', 80.20, 21, 80), (22, 'Torre de Vigia', 45.00, 22, 79), (23, 'Abrigo de Chuva', 15.75, 23, 78), (24, 'Tirolesa', 5.00, 24, 77), (25, 'Ponte', 100.00, 25, 76),
(26, 'Gerador', 95.50, 26, 75), (27, 'Caixa Postal', 80.20, 27, 74), (28, 'Torre de Vigia', 45.00, 28, 73), (29, 'Abrigo de Chuva', 15.75, 29, 72), (30, 'Tirolesa', 5.00, 30, 71),
(31, 'Ponte', 100.00, 31, 70), (32, 'Gerador', 95.50, 32, 69), (33, 'Caixa Postal', 80.20, 33, 68), (34, 'Torre de Vigia', 45.00, 34, 67), (35, 'Abrigo de Chuva', 15.75, 35, 66),
(36, 'Tirolesa', 5.00, 36, 65), (37, 'Ponte', 100.00, 37, 64), (38, 'Gerador', 95.50, 38, 63), (39, 'Caixa Postal', 80.20, 39, 62), (40, 'Torre de Vigia', 45.00, 40, 61),
(41, 'Abrigo de Chuva', 15.75, 41, 60), (42, 'Tirolesa', 5.00, 42, 59), (43, 'Ponte', 100.00, 43, 58), (44, 'Gerador', 95.50, 44, 57), (45, 'Caixa Postal', 80.20, 45, 56),
(46, 'Torre de Vigia', 45.00, 46, 55), (47, 'Abrigo de Chuva', 15.75, 47, 54), (48, 'Tirolesa', 5.00, 48, 53), (49, 'Ponte', 100.00, 49, 52), (50, 'Gerador', 95.50, 50, 51),
(51, 'Caixa Postal', 80.20, 51, 50), (52, 'Torre de Vigia', 45.00, 52, 49), (53, 'Abrigo de Chuva', 15.75, 53, 48), (54, 'Tirolesa', 5.00, 54, 47), (55, 'Ponte', 100.00, 55, 46),
(56, 'Gerador', 95.50, 56, 45), (57, 'Caixa Postal', 80.20, 57, 44), (58, 'Torre de Vigia', 45.00, 58, 43), (59, 'Abrigo de Chuva', 15.75, 59, 42), (60, 'Tirolesa', 5.00, 60, 41),
(61, 'Ponte', 100.00, 61, 40), (62, 'Gerador', 95.50, 62, 39), (63, 'Caixa Postal', 80.20, 63, 38), (64, 'Torre de Vigia', 45.00, 64, 37), (65, 'Abrigo de Chuva', 15.75, 65, 36),
(66, 'Tirolesa', 5.00, 66, 35), (67, 'Ponte', 100.00, 67, 34), (68, 'Gerador', 95.50, 68, 33), (69, 'Caixa Postal', 80.20, 69, 32), (70, 'Torre de Vigia', 45.00, 70, 31),
(71, 'Abrigo de Chuva', 15.75, 71, 30), (72, 'Tirolesa', 5.00, 72, 29), (73, 'Ponte', 100.00, 73, 28), (74, 'Gerador', 95.50, 74, 27), (75, 'Caixa Postal', 80.20, 75, 26),
(76, 'Torre de Vigia', 45.00, 76, 25), (77, 'Abrigo de Chuva', 15.75, 77, 24), (78, 'Tirolesa', 5.00, 78, 23), (79, 'Ponte', 100.00, 79, 22), (80, 'Gerador', 95.50, 80, 21),
(81, 'Caixa Postal', 80.20, 81, 20), (82, 'Torre de Vigia', 45.00, 82, 19), (83, 'Abrigo de Chuva', 15.75, 83, 18), (84, 'Tirolesa', 5.00, 84, 17), (85, 'Ponte', 100.00, 85, 16),
(86, 'Gerador', 95.50, 86, 15), (87, 'Caixa Postal', 80.20, 87, 14), (88, 'Torre de Vigia', 45.00, 88, 13), (89, 'Abrigo de Chuva', 15.75, 89, 12), (90, 'Tirolesa', 5.00, 90, 11),
(91, 'Ponte', 100.00, 91, 10), (92, 'Gerador', 95.50, 92, 9), (93, 'Caixa Postal', 80.20, 93, 8), (94, 'Torre de Vigia', 45.00, 94, 7), (95, 'Abrigo de Chuva', 15.75, 95, 6),
(96, 'Tirolesa', 5.00, 96, 5), (97, 'Ponte', 100.00, 97, 4), (98, 'Gerador', 95.50, 98, 3), (99, 'Caixa Postal', 80.20, 99, 2), (100, 'Torre de Vigia', 45.00, 100, 1);

INSERT INTO Avaliacao_like (id_like, quantidade, motivo, origem_like, id_portador) VALUES 
(1, 50, 'Estrutura Util', 'Terminal', 1), (2, 120, 'Entrega Rapida', 'NPC', 2), (3, 500, 'Carga Intacta', 'Jogador', 3), (4, 15, 'Placa de Aviso', 'Terminal', 4), (5, 9999, 'Ajuda em Batalha', 'NPC', 5),
(6, 50, 'Estrutura Util', 'Terminal', 6), (7, 120, 'Entrega Rapida', 'NPC', 7), (8, 500, 'Carga Intacta', 'Jogador', 8), (9, 15, 'Placa de Aviso', 'Terminal', 9), (10, 9999, 'Ajuda em Batalha', 'NPC', 10),
(11, 50, 'Estrutura Util', 'Terminal', 11), (12, 120, 'Entrega Rapida', 'NPC', 12), (13, 500, 'Carga Intacta', 'Jogador', 13), (14, 15, 'Placa de Aviso', 'Terminal', 14), (15, 9999, 'Ajuda em Batalha', 'NPC', 15),
(16, 50, 'Estrutura Util', 'Terminal', 16), (17, 120, 'Entrega Rapida', 'NPC', 17), (18, 500, 'Carga Intacta', 'Jogador', 18), (19, 15, 'Placa de Aviso', 'Terminal', 19), (20, 9999, 'Ajuda em Batalha', 'NPC', 20),
(21, 50, 'Estrutura Util', 'Terminal', 21), (22, 120, 'Entrega Rapida', 'NPC', 22), (23, 500, 'Carga Intacta', 'Jogador', 23), (24, 15, 'Placa de Aviso', 'Terminal', 24), (25, 9999, 'Ajuda em Batalha', 'NPC', 25),
(26, 50, 'Estrutura Util', 'Terminal', 26), (27, 120, 'Entrega Rapida', 'NPC', 27), (28, 500, 'Carga Intacta', 'Jogador', 28), (29, 15, 'Placa de Aviso', 'Terminal', 29), (30, 9999, 'Ajuda em Batalha', 'NPC', 30),
(31, 50, 'Estrutura Util', 'Terminal', 31), (32, 120, 'Entrega Rapida', 'NPC', 32), (33, 500, 'Carga Intacta', 'Jogador', 33), (34, 15, 'Placa de Aviso', 'Terminal', 34), (35, 9999, 'Ajuda em Batalha', 'NPC', 35),
(36, 50, 'Estrutura Util', 'Terminal', 36), (37, 120, 'Entrega Rapida', 'NPC', 37), (38, 500, 'Carga Intacta', 'Jogador', 38), (39, 15, 'Placa de Aviso', 'Terminal', 39), (40, 9999, 'Ajuda em Batalha', 'NPC', 40),
(41, 50, 'Estrutura Util', 'Terminal', 41), (42, 120, 'Entrega Rapida', 'NPC', 42), (43, 500, 'Carga Intacta', 'Jogador', 43), (44, 15, 'Placa de Aviso', 'Terminal', 44), (45, 9999, 'Ajuda em Batalha', 'NPC', 45),
(46, 50, 'Estrutura Util', 'Terminal', 46), (47, 120, 'Entrega Rapida', 'NPC', 47), (48, 500, 'Carga Intacta', 'Jogador', 48), (49, 15, 'Placa de Aviso', 'Terminal', 49), (50, 9999, 'Ajuda em Batalha', 'NPC', 50),
(51, 50, 'Estrutura Util', 'Terminal', 51), (52, 120, 'Entrega Rapida', 'NPC', 52), (53, 500, 'Carga Intacta', 'Jogador', 53), (54, 15, 'Placa de Aviso', 'Terminal', 54), (55, 9999, 'Ajuda em Batalha', 'NPC', 55),
(56, 50, 'Estrutura Util', 'Terminal', 56), (57, 120, 'Entrega Rapida', 'NPC', 57), (58, 500, 'Carga Intacta', 'Jogador', 58), (59, 15, 'Placa de Aviso', 'Terminal', 59), (60, 9999, 'Ajuda em Batalha', 'NPC', 60),
(61, 50, 'Estrutura Util', 'Terminal', 61), (62, 120, 'Entrega Rapida', 'NPC', 62), (63, 500, 'Carga Intacta', 'Jogador', 63), (64, 15, 'Placa de Aviso', 'Terminal', 64), (65, 9999, 'Ajuda em Batalha', 'NPC', 65),
(66, 50, 'Estrutura Util', 'Terminal', 66), (67, 120, 'Entrega Rapida', 'NPC', 67), (68, 500, 'Carga Intacta', 'Jogador', 68), (69, 15, 'Placa de Aviso', 'Terminal', 69), (70, 9999, 'Ajuda em Batalha', 'NPC', 70),
(71, 50, 'Estrutura Util', 'Terminal', 71), (72, 120, 'Entrega Rapida', 'NPC', 72), (73, 500, 'Carga Intacta', 'Jogador', 73), (74, 15, 'Placa de Aviso', 'Terminal', 74), (75, 9999, 'Ajuda em Batalha', 'NPC', 75),
(76, 50, 'Estrutura Util', 'Terminal', 76), (77, 120, 'Entrega Rapida', 'NPC', 77), (78, 500, 'Carga Intacta', 'Jogador', 78), (79, 15, 'Placa de Aviso', 'Terminal', 79), (80, 9999, 'Ajuda em Batalha', 'NPC', 80),
(81, 50, 'Estrutura Util', 'Terminal', 81), (82, 120, 'Entrega Rapida', 'NPC', 82), (83, 500, 'Carga Intacta', 'Jogador', 83), (84, 15, 'Placa de Aviso', 'Terminal', 84), (85, 9999, 'Ajuda em Batalha', 'NPC', 85),
(86, 50, 'Estrutura Util', 'Terminal', 86), (87, 120, 'Entrega Rapida', 'NPC', 87), (88, 500, 'Carga Intacta', 'Jogador', 88), (89, 15, 'Placa de Aviso', 'Terminal', 89), (90, 9999, 'Ajuda em Batalha', 'NPC', 90),
(91, 50, 'Estrutura Util', 'Terminal', 91), (92, 120, 'Entrega Rapida', 'NPC', 92), (93, 500, 'Carga Intacta', 'Jogador', 93), (94, 15, 'Placa de Aviso', 'Terminal', 94), (95, 9999, 'Ajuda em Batalha', 'NPC', 95),
(96, 50, 'Estrutura Util', 'Terminal', 96), (97, 120, 'Entrega Rapida', 'NPC', 97), (98, 500, 'Carga Intacta', 'Jogador', 98), (99, 15, 'Placa de Aviso', 'Terminal', 99), (100, 9999, 'Ajuda em Batalha', 'NPC', 100);